{
    "1": "arm",
    "10": "aus",
    "100": "ind",
    "101": "idn",
    "102": "irn",
    "103": "irq",
    "104": "irl",
    "105": "isr",
    "106": "ita",
    "107": "civ",
    "108": "kaz",
    "109": "jam",
    "11": "aut",
    "110": "jpn",
    "112": "jor",
    "113": "kgz",
    "114": "ken",
    "115": "khm",
    "116": "prk",
    "117": "kor",
    "118": "kwt",
    "119": "lva",
    "12": "bhs",
    "120": "lao",
    "121": "lbn",
    "122": "lso",
    "123": "lbr",
    "124": "lby",
    "125": "lie",
    "126": "ltu",
    "127": "mhl",
    "128": "mac",
    "129": "mdg",
    "13": "bhr",
    "130": "mwi",
    "131": "mys",
    "132": "mdv",
    "133": "mli",
    "134": "mlt",
    "135": "mtq",
    "136": "mrt",
    "137": "mus",
    "138": "mex",
    "14": "brb",
    "140": "mco",
    "141": "mng",
    "142": "msr",
    "143": "mar",
    "144": "moz",
    "145": "fsm",
    "146": "mda",
    "147": "nam",
    "148": "nru",
    "149": "npl",
    "150": "nld",
    "153": "ncl",
    "154": "mkd",
    "155": "vut",
    "156": "nzl",
    "157": "nic",
    "158": "ner",
    "159": "nga",
    "16": "bgd",
    "160": "niu",
    "161": "nfk",
    "162": "nor",
    "163": "mnp",
    "165": "pak",
    "166": "pan",
    "167": "cze",
    "168": "png",
    "169": "pry",
    "17": "bmu",
    "170": "per",
    "171": "phl",
    "172": "pcn",
    "173": "pol",
    "174": "prt",
    "175": "gnb",
    "176": "tls",
    "177": "pri",
    "178": "eri",
    "179": "qat",
    "18": "btn",
    "180": "plw",
    "181": "zwe",
    "182": "reu",
    "183": "rou",
    "184": "rwa",
    "185": "rus",
    "187": "shn",
    "188": "kna",
    "189": "lca",
    "19": "bol",
    "190": "spm",
    "191": "vct",
    "192": "smr",
    "193": "stp",
    "194": "sau",
    "195": "sen",
    "196": "syc",
    "197": "sle",
    "198": "svn",
    "199": "svk",
    "2": "afg",
    "20": "bwa",
    "200": "sgp",
    "201": "som",
    "202": "zaf",
    "203": "esp",
    "205": "esh",
    "206": "sdn",
    "207": "sur",
    "208": "tjk",
    "209": "swz",
    "21": "bra",
    "210": "swe",
    "211": "che",
    "212": "syr",
    "213": "tkm",
    "214": "twn",
    "215": "tza",
    "216": "tha",
    "217": "tgo",
    "218": "tkl",
    "219": "ton",
    "22": "abw",
    "220": "tto",
    "221": "omn",
    "222": "tun",
    "223": "tur",
    "224": "tca",
    "225": "are",
    "226": "uga",
    "227": "tuv",
    "229": "gbr",
    "23": "blz",
    "230": "ukr",
    "231": "usa",
    "232": "usa_minor_out_isl",
    "233": "bfa",
    "234": "ury",
    "235": "uzb",
    "236": "ven",
    "237": "vnm",
    "238": "eth",
    "239": "vgb",
    "24": "iot",
    "240": "vir",
    "243": "wlf",
    "244": "wsm",
    "249": "yem",
    "25": "slb",
    "250": "cod",
    "251": "zmb",
    "255": "bel",
    "256": "lux",
    "258": "aia",
    "26": "brn",
    "260": "sjm",
    "264": "gbm",
    "27": "bgr",
    "270": "myt",
    "271": "sgero_a_ssandw",
    "272": "srb",
    "273": "mne",
    "276": "sdn",
    "277": "ssd",
    "279": "nld_curacao",
    "28": "mmr",
    "280": "sxm",
    "281": "maf",
    "283": "jey",
    "284": "ala",
    "29": "bdi",
    "299": "pse",
    "3": "alb",
    "30": "ata",
    "31": "bouisl",
    "32": "cmr",
    "33": "can",
    "35": "cpv",
    "36": "cym",
    "37": "caf",
    "38": "lka",
    "39": "tcd",
    "4": "dza",
    "40": "chl",
    "351": "chn",
    "42": "cxr",
    "43": "cck",
    "44": "col",
    "45": "com",
    "46": "cog",
    "47": "cok",
    "48": "cri",
    "49": "cub",
    "5": "asm",
    "50": "cyp",
    "52": "aze",
    "53": "ben",
    "54": "dnk",
    "55": "dma",
    "56": "dom",
    "57": "blr",
    "58": "ecu",
    "59": "egy",
    "6": "and",
    "60": "slv",
    "61": "gnq",
    "63": "est",
    "64": "fro",
    "65": "flk",
    "66": "fji",
    "67": "fin",
    "68": "fra",
    "69": "guf",
    "7": "ago",
    "70": "pyf",
    "72": "dji",
    "73": "geo",
    "74": "gab",
    "75": "gmb",
    "79": "deu",
    "8": "atg",
    "80": "bih",
    "81": "gha",
    "82": "gib",
    "83": "kir",
    "84": "grc",
    "85": "grl",
    "86": "grd",
    "87": "glp",
    "88": "gum",
    "89": "gtm",
    "9": "arg",
    "90": "gin",
    "91": "guy",
    "92": "heard_a_mcd",
    "93": "hti",
    "94": "hos",
    "95": "hnd",
    "96": "hkg",
    "97": "hun",
    "98": "hrv",
    "99": "isl",
    "51": "cheslo",
    "228": "ussr",
    "186": "scg",
    "151": "ant",
    "248": "yug"
}