{
    "ag_lnd_agri_zs": "agricultural_land_percent_of_land_area",
    "ag_lnd_frst_k2": "forest_area_sq_km",
    "ag_srf_totl_k2": "surface_area_sq_km",
    "bm_klt_dinv_wd_gd_zs": "foreign_direct_investment_net_outflows_percent_of_gdp",
    "bx_klt_dinv_wd_gd_zs": "foreign_direct_investment_net_inflows_percent_of_gdp",
    "cm_mkt_lcap_gd_zs": "market_value_of_listed_companies_percent_of_gdp",
    "dt_dod_dect_cd": "external_debt_total_us_not_inflation_adjusted",
    "dt_dod_dect_gn_zs": "debt_to_foreigners_by_public_and_private_percent_of_gni",
    "dt_dod_pvlx_gn_zs": "present_value_of_debt_percent_of_gni",
    "dt_oda_odat_gi_zs": "aid_received_percent_of_gni",
    "dt_oda_odat_kd": "aid_received_total_us_inflation_adjusted",
    "dt_oda_odat_pc_zs": "aid_received_per_person_current_us",
    "dt_tds_dect_ex_zs": "debt_servicing_costs_percent_of_exports_and_net_income_from_abroad",
    "eg_use_comm_gd_pd_kd": "energy_use_total",
    "eg_use_elec_kh_pc": "electricity_use_per_person",
    "eg_use_pcap_kg_oe": "energy_use_per_person",
    "en_atm_co2e_pp_gd_kd": "co2_intensity_of_economic_output_kg_co2_per_2011_ppp_of_gdp",
    "en_urb_mcty_tl_zs": "population_in_urban_agglomerations_m_1_million_percent_of_total",
    "ep_pmp_sgas_cd": "pump_price_for_gasoline_us_per_liter",
    "fi_res_totl_dt_zs": "total_reserves_percent_of_debt_to_foreigners",
    "gc_tax_totl_gd_zs": "tax_revenue_percent_of_gdp",
    "it_cel_sets": "cell_phones_total",
    "it_cel_sets_p2": "cell_phones_per_100_people",
    "it_mlt_main_p2": "fixed_line_subscribers_per_100_people",
    "it_net_bbnd": "broadband_subscribers",
    "it_net_bbnd_p2": "broadband_subscribers_per_100_people",
    "it_net_user_zs": "internet_users",
    "ms_mil_mprt_kd": "arms_imports_us_inflation_adjusted",
    "ms_mil_totl_p1": "armed_forces_personnel_total",
    "ms_mil_totl_tf_zs": "armed_forces_personnel_percent_of_labor_force",
    "ms_mil_xpnd_gd_zs": "military_expenditure_percent_of_gdp",
    "ms_mil_xprt_kd": "arms_exports_us_inflation_adjusted",
    "ne_exp_gnfs_zs": "exports_percent_of_gdp",
    "ne_gdi_totl_zs": "investments_percent_of_gdp",
    "ne_imp_gnfs_zs": "imports_percent_of_gdp",
    "ne_rsb_gnfs_cd": "trade_balance_us_not_inflation_adjusted",
    "ne_rsb_gnfs_zs": "trade_balance_percent_of_gdp",
    "nv_agr_totl_zs": "agriculture_percent_of_gdp",
    "nv_ind_totl_zs": "industry_percent_of_gdp",
    "nv_srv_totl_zs": "services_percent_of_gdp",
    "ny_gdp_defl_kd_zg": "inflation_annual_percent",
    "ny_gdp_mktp_kd": "total_gdp_us_inflation_adjusted",
    "ny_gdp_pcap_kd": "gdppercapita_us_inflation_adjusted",
    "ny_gdp_pcap_kd_zg": "gdppercapita_growth_percent_per_year",
    "ny_gdp_pcap_pp_kd": "alternative_gdp_per_capita_ppp_wb",
    "ny_gnp_mktp_pp_cd": "total_gni_ppp_current_international",
    "ny_gnp_pcap_cd": "gnipercapita_atlasmethod_current_us",
    "ny_gnp_pcap_kd": "gnipercapita_constant_2010_us",
    "ny_gnp_pcap_pp_cd": "gnipercapita_ppp_current_international",
    "se_ant_1524_lt_fm_zs": "ratio_of_young_literate_females_to_males_percent_ages_15_24",
    "se_enr_prsc_fm_zs": "ratio_of_girls_to_boys_in_primary_and_secondary_education_perc",
    "se_prm_cmpt_fe_zs": "primary_school_completion_percent_of_girls",
    "se_prm_cmpt_ma_zs": "primary_school_completion_percent_of_boys",
    "se_prm_cmpt_zs": "primary_completion_rate_total_percent_of_relevant_age_group",
    "se_prm_uner": "children_out_of_school_primary",
    "se_prm_uner_fe": "children_out_of_school_primary_female",
    "se_prm_uner_ma": "children_out_of_school_primary_male",
    "se_xpd_prim_pc_zs": "expenditure_per_student_primary_percent_of_gdp_per_person",
    "se_xpd_seco_pc_zs": "expenditure_per_student_secondary_percent_of_gdp_per_person",
    "se_xpd_tert_pc_zs": "expenditure_per_student_tertiary_percent_of_gdp_per_person",
    "sh_h2o_basw_zs": "at_least_basic_water_source_overall_access_percent",
    "sh_h2o_basw_ru_zs": "at_least_basic_water_source_rural_access_percent",
    "sh_h2o_basw_ur_zs": "at_least_basic_water_source_urban_access_percent",
    "sh_med_phys_zs": "medical_doctors_per_1000_people",
    "sh_sta_brtc_zs": "births_attended_by_skilled_health_staff_percent_of_total",
    "sh_sta_maln_zs": "malnutrition_weight_for_age_percent_of_children_under_5",
    "sh_sta_bass_ru_zs": "at_least_basic_sanitation_rural_access_percent",
    "sh_sta_bass_ur_zs": "at_least_basic_sanitation_urban_access_percent",
    "sh_sta_bass_zs": "at_least_basic_sanitation_overall_access_percent",
    "si_dst_02nd_20": "income_share_of_2nd_poorest_20percent",
    "si_dst_03rd_20": "income_share_of_middle_20percent",
    "si_dst_04th_20": "income_share_of_2nd_richest_20percent",
    "si_dst_05th_20": "income_share_of_richest_20percent",
    "si_dst_10th_10": "income_share_of_richest_10percent",
    "si_dst_frst_10": "income_share_of_poorest_10percent",
    "si_dst_frst_20": "income_share_of_poorest_20percent",
    "si_pov_dday": "extreme_poverty_percent_people_below_190_a_day",
    "si_pov_gini": "inequality_index_gini",
    "si_pov_lmic": "poverty_percent_people_below_320_a_day",
    "si_pov_nahc": "alternative_poverty_percent_below_nationally_defined_poverty",
    "si_pov_ruhc": "rural_poverty_percent_rural_people_below_national_rural",
    "si_pov_umic": "poverty_percent_people_below_550_a_day",
    "si_pov_urhc": "urban_poverty_percent_urban_people_below_national_urban",
    "sp_dyn_conu_zs": "contraceptive_use_percent_of_women_ages_15_49",
    "sp_pop_grow": "population_growth_annual_percent",
    "sp_urb_grow": "urban_population_growth_annual_percent",
    "sp_urb_totl": "urban_population",
    "sp_urb_totl_in_zs": "urban_population_percent_of_total",
    "tg_val_totl_gd_zs": "merchandise_trade_percent_of_gdp",
    "tm_val_mrch_xd_wd": "imports_unit_value_index_2000100",
    "tt_pri_mrch_xd_wd": "net_barter_terms_of_trade_2000_100",
    "tx_val_mrch_xd_wd": "exports_unit_value_index_2000100",
    "tx_val_tech_mf_zs": "high_technology_exports_percent_of_manufactured_exports"
}
