{
  "homicide_0_death_rate_all_age": "murder_per_100000_people",
  "homicide_1_death_rate_all_age": "murdered_men_per_100000_people",
  "homicide_2_death_rate_all_age": "murdered_women_per_100000_people",
  "homicide_death_rate_0_14": "murdered_children_0_14_per_100000_people",
  "homicide_death_rate_15_29": "murdered_15_29_per_100000_people",
  "homicide_death_rate_30_44": "murdered_30_44_per_100000_people",
  "homicide_death_rate_45_59": "murdered_45_59_per_100000_people",
  "homicide_death_rate_60plus": "murdered_60plus_per_100000_people",
  "suicide_0_death_rate_all_age": "suicide_per_100000_people",
  "suicide_1_death_rate_all_age": "suicide_men_per_100000_people",
  "suicide_2_death_rate_all_age": "suicide_women_per_100000_people",
  "suicide_death_rate_0_14": "suicide_age_0_14_per_100000_people",
  "suicide_death_rate_15_29": "suicide_age_15_29_per_100000_people",
  "suicide_death_rate_30_44": "suicide_age_30_44_per_100000_people",
  "suicide_death_rate_45_59": "suicide_age_45_59_per_100000_people",
  "suicide_death_rate_60plus": "suicide_age_60plus_per_100000_people",
  "traffic_0_death_rate_all_age": "traffic_deaths_per_100000_people",
  "traffic_1_death_rate_all_age": "traffic_deaths_men_per_100000_people",
  "traffic_2_death_rate_all_age": "traffic_deaths_women_per_100000_people",
  "traffic_death_rate_0_14": "traffic_mortality_children_0_14_per_100000_people",
  "traffic_death_rate_15_29": "traffic_mortality_15_29_per_100000_people",
  "traffic_death_rate_30_44": "traffic_mortality_30_44_per_100000_people",
  "traffic_death_rate_45_59": "traffic_mortality_45_59_per_100000_people",
  "traffic_death_rate_60plus": "traffic_mortality_60plus_per_100000_people",
  "year": "time",
  "country": "geo"
}
