{
  "ref_area": "geo",
  "ees_fnag_noc_rt": "female_salaried_workers_percent_of_non_agricultural_female_employment",
  "ees_mnag_noc_rt": "male_salaried_workers_percent_of_non_agricultural_male_employment",
  "ees_tnag_noc_rt": "salaried_workers_percent_of_non_agricultural_employment",
  "emp_fcfw_noc_rt": "female_family_workers_percent_of_female_employment",
  "emp_mcfw_noc_rt": "male_family_workers_percent_of_male_employment",
  "emp_tagr_noc_rt": "agriculture_workers_percent_of_employment",
  "emp_tcfw_noc_rt": "family_workers_percent_of_employment",
  "emp_tind_noc_rt": "industry_workers_percent_of_employment",
  "emp_tsrv_noc_rt": "service_workers_percent_of_employment",
  "gdp_205u_noc_nb": "gdpperemployee_us_inflation_adjusted",
  "how_temp_noc_nb": "working_hours_per_week",
  "sex_t_age_ythadult_y15_24_emp_2wap_sex_age_rt": "aged_15_24_employment_rate_percent",
  "sex_t_age_ythadult_yge15_emp_2wap_sex_age_rt": "aged_15plus_employment_rate_percent",
  "sex_m_age_ythadult_y15_24_emp_2wap_sex_age_rt": "males_aged_15_24_employment_rate_percent",
  "sex_m_age_ythadult_yge15_emp_2wap_sex_age_rt": "males_aged_15plus_employment_rate_percent",
  "sex_f_age_ythadult_y15_24_emp_2wap_sex_age_rt": "females_aged_15_24_employment_rate_percent",
  "sex_f_age_ythadult_yge15_emp_2wap_sex_age_rt": "females_aged_15plus_employment_rate_percent",
  "sex_f_age_aggregate_y15_24_une_deap_sex_age_rt": "females_aged_15_24_unemployment_rate_percent",
  "sex_f_age_aggregate_y25_54_une_deap_sex_age_rt": "females_aged_25_54_unemployment_rate_percent",
  "sex_f_age_aggregate_y55_64_une_deap_sex_age_rt": "females_aged_55_64_unemployment_rate_percent",
  "sex_f_age_aggregate_yge65_une_deap_sex_age_rt": "females_aged_65plus_unemployment_rate_percent",
  "sex_f_age_ythadult_yge15_une_deap_sex_age_rt": "females_aged_15plus_unemployment_rate_percent",
  "sex_m_age_aggregate_y15_24_une_deap_sex_age_rt": "males_aged_15_24_unemployment_rate_percent",
  "sex_m_age_aggregate_y25_54_une_deap_sex_age_rt": "males_aged_25_54_unemployment_rate_percent",
  "sex_m_age_aggregate_y55_64_une_deap_sex_age_rt": "males_aged_55_64_unemployment_rate_percent",
  "sex_m_age_aggregate_yge65_une_deap_sex_age_rt": "males_aged_65plus_unemployment_rate_percent",
  "sex_m_age_ythadult_yge15_une_deap_sex_age_rt": "males_aged_15plus_unemployment_rate_percent",
  "sex_t_age_aggregate_y15_24_une_deap_sex_age_rt": "aged_15_24_unemployment_rate_percent",
  "sex_t_age_aggregate_y25_54_une_deap_sex_age_rt": "aged_25_54_unemployment_rate_percent",
  "sex_t_age_aggregate_y55_64_une_deap_sex_age_rt": "aged_55_64_unemployment_rate_percent",
  "sex_t_age_aggregate_yge65_une_deap_sex_age_rt": "aged_65plus_unemployment_rate_percent",
  "sex_t_age_ythadult_yge15_une_deap_sex_age_rt": "aged_15plus_unemployment_rate_percent",
  "sex_f_ste_aggregate_slf_emp_2emp_sex_ste_dt": "female_self_employed_percent_of_female_employment",
  "sex_m_ste_aggregate_slf_emp_2emp_sex_ste_dt": "male_self_employed_percent_of_male_employment",
  "sex_t_ste_aggregate_slf_emp_2emp_sex_ste_dt": "self_employed_percent_of_employment",
  "sex_f_eco_sector_agr_emp_2emp_sex_eco_dt": "female_agriculture_workers_percent_of_female_employment",
  "sex_f_eco_sector_ind_emp_2emp_sex_eco_dt": "female_industry_workers_percent_of_female_employment",
  "sex_f_eco_sector_ser_emp_2emp_sex_eco_dt": "female_service_workers_percent_of_female_employment",
  "sex_m_eco_sector_agr_emp_2emp_sex_eco_dt": "male_agriculture_workers_percent_of_male_employment",
  "sex_m_eco_sector_ind_emp_2emp_sex_eco_dt": "male_industry_workers_percent_of_male_employment",
  "sex_m_eco_sector_ser_emp_2emp_sex_eco_dt": "male_service_workers_percent_of_male_employment",
  "sex_f_age_aggregate_y25_54_eap_2wap_sex_age_rt": "females_aged_25_54_labour_force_participation_rate_percent",
  "sex_f_age_aggregate_yge65_eap_2wap_sex_age_rt": "females_aged_65plus_labour_force_participation_rate_percent",
  "sex_f_age_ythadult_y15_64_eap_2wap_sex_age_rt": "females_aged_15_64_labour_force_participation_rate_percent",
  "sex_f_age_ythadult_yge15_eap_2wap_sex_age_rt": "females_aged_15plus_labour_force_participation_rate_percent",
  "sex_m_age_aggregate_y25_54_eap_2wap_sex_age_rt": "males_aged_25_54_labour_force_participation_rate_percent",
  "sex_m_age_aggregate_yge65_eap_2wap_sex_age_rt": "males_aged_65plus_labour_force_participation_rate_percent",
  "sex_m_age_ythadult_y15_64_eap_2wap_sex_age_rt": "males_aged_15_64_labour_force_participation_rate_percent",
  "sex_m_age_ythadult_yge15_eap_2wap_sex_age_rt": "males_aged_15plus_labour_force_participation_rate_percent",
  "sex_t_age_aggregate_y25_54_eap_2wap_sex_age_rt": "aged_25_54_labour_force_participation_rate_percent",
  "sex_t_age_aggregate_yge65_eap_2wap_sex_age_rt": "aged_65plus_labour_force_participation_rate_percent",
  "sex_t_age_ythadult_y15_64_eap_2wap_sex_age_rt": "aged_15_64_labour_force_participation_rate_percent",
  "sex_t_age_ythadult_yge15_eap_2wap_sex_age_rt": "aged_15plus_labour_force_participation_rate_percent",
  "lac_4hpt_noc_nb": "hourly_labour_cost_constant_2011_usd"
}
